Workbook

Sheet Komparasi
A1: Komparasi CNN untuk label CelebA
A2: Hasil tersimpan 13 Oktober 2026. Test 5.000 gambar. Checkpoint terbaik berdasarkan akurasi validasi.
A4: Model | B4: Akurasi test | C4: F1 macro | D4: Best val acc | E4: Training (menit) | F4: Parameter (juta) | G4: Salah (gambar) | H4: Peringkat test
A5: AlexNet | B5: ='Hasil test'!B5 -> 0.9736 | C5: ='Hasil test'!H5 -> 0.9729 | D5: ='Hasil test'!C5 -> 0.9708 | E5: ='Hasil test'!D5 -> 13 | F5: ='Hasil test'!E5 -> 57 | G5: ='Confusion matrix'!H5 -> 132 | H5: =RANK(B5,$B$5:$B$9,0) -> 5
A6: VGG16 | B6: ='Hasil test'!B6 -> 0.9852 | C6: ='Hasil test'!H6 -> 0.9848 | D6: ='Hasil test'!C6 -> 0.9846 | E6: ='Hasil test'!D6 -> 25.7 | F6: ='Hasil test'!E6 -> 134.3 | G6: ='Confusion matrix'!H6 -> 74 | H6: =RANK(B6,$B$5:$B$9,0) -> 1
A7: VGG19 | B7: ='Hasil test'!B7 -> 0.9842 | C7: ='Hasil test'!H7 -> 0.9838 | D7: ='Hasil test'!C7 -> 0.983 | E7: ='Hasil test'!D7 -> 30 | F7: ='Hasil test'!E7 -> 139.6 | G7: ='Confusion matrix'!H7 -> 79 | H7: =RANK(B7,$B$5:$B$9,0) -> 2
A8: GoogLeNet | B8: ='Hasil test'!B8 -> 0.9794 | C8: ='Hasil test'!H8 -> 0.9789 | D8: ='Hasil test'!C8 -> 0.9806 | E8: ='Hasil test'!D8 -> 15.3 | F8: ='Hasil test'!E8 -> 5.6 | G8: ='Confusion matrix'!H8 -> 103 | H8: =RANK(B8,$B$5:$B$9,0) -> 4
A9: ResNet18 | B9: ='Hasil test'!B9 -> 0.9818 | C9: ='Hasil test'!H9 -> 0.9813 | D9: ='Hasil test'!C9 -> 0.981 | E9: ='Hasil test'!D9 -> 14.5 | F9: ='Hasil test'!E9 -> 11.2 | G9: ='Confusion matrix'!H9 -> 91 | H9: =RANK(B9,$B$5:$B$9,0) -> 3
A11: VGG16 unggul pada akurasi test dan F1 macro dalam run ini. Selisih dengan VGG19: 0,10 poin persentase (5 gambar).
A12: ResNet18 memberi akurasi 98,18% dengan 14,5 menit training. GoogLeNet memakai parameter paling sedikit (5,6 juta).
A13: Waktu mencakup loop train, validasi, dan penyimpanan checkpoint. Satu run per model. Latensi inference tidak diukur.

Sheet Hasil test
A1: Hasil evaluasi tersimpan
A2: Angka classification report mengikuti pembulatan 4 desimal pada output. Parameter mengikuti pembulatan 0,1 juta.
A4: Model | B4: Test accuracy | C4: Best val acc | D4: Training (menit) | E4: Parameter (juta) | F4: Macro precision | G4: Macro recall | H4: Macro F1 | I4: Weighted F1 | J4: Sumber
A5: AlexNet | B5: 0.9736 | C5: 0.9708 | D5: 13 | E5: 57 | F5: 0.9727 | G5: 0.9732 | H5: 0.9729 | I5: 0.9736 | J5: https://colab.research.google.com/drive/1Ib9G7oVkuvfz-2JxGhLgJBMuTIwrjogN — cell 11, 13, 17
A6: VGG16 | B6: 0.9852 | C6: 0.9846 | D6: 25.7 | E6: 134.3 | F6: 0.9846 | G6: 0.985 | H6: 0.9848 | I6: 0.9852 | J6: https://colab.research.google.com/drive/1XjDx6bdY8It4jygzTAFk6oT9RBtX3C9q — cell 11, 13, 17
A7: VGG19 | B7: 0.9842 | C7: 0.983 | D7: 30 | E7: 139.6 | F7: 0.9838 | G7: 0.9838 | H7: 0.9838 | I7: 0.9842 | J7: https://colab.research.google.com/drive/1yAb2r57zYJVo4uRP2FO0vYsnHH5AcVPi — cell 11, 13, 17
A8: GoogLeNet | B8: 0.9794 | C8: 0.9806 | D8: 15.3 | E8: 5.6 | F8: 0.9781 | G8: 0.9798 | H8: 0.9789 | I8: 0.9794 | J8: https://colab.research.google.com/drive/1w8Wox2YkUKJJSSYrIeal-wBHTt1OCPWz — cell 11, 13, 17
A9: ResNet18 | B9: 0.9818 | C9: 0.981 | D9: 14.5 | E9: 11.2 | F9: 0.9817 | G9: 0.9809 | H9: 0.9813 | I9: 0.9818 | J9: https://colab.research.google.com/drive/1vDaOCwMWGAordE_1_7yaSYVZ59poexS5 — cell 11, 13, 17
A13: Model | B13: Kelas / agregasi | C13: Precision | D13: Recall | E13: F1-score | F13: Support | J13: Sumber
A14: AlexNet | B14: Female | C14: 0.9785 | D14: 0.9758 | E14: 0.9772 | F14: 2893 | J14: https://colab.research.google.com/drive/1Ib9G7oVkuvfz-2JxGhLgJBMuTIwrjogN — cell 17
A15: AlexNet | B15: Male | C15: 0.9669 | D15: 0.9706 | E15: 0.9687 | F15: 2107 | J15: https://colab.research.google.com/drive/1Ib9G7oVkuvfz-2JxGhLgJBMuTIwrjogN — cell 17
A16: AlexNet | B16: macro avg | C16: 0.9727 | D16: 0.9732 | E16: 0.9729 | F16: 5000 | J16: https://colab.research.google.com/drive/1Ib9G7oVkuvfz-2JxGhLgJBMuTIwrjogN — cell 17
A17: AlexNet | B17: weighted avg | C17: 0.9736 | D17: 0.9736 | E17: 0.9736 | F17: 5000 | J17: https://colab.research.google.com/drive/1Ib9G7oVkuvfz-2JxGhLgJBMuTIwrjogN — cell 17
A18: VGG16 | B18: Female | C18: 0.9882 | D18: 0.9862 | E18: 0.9872 | F18: 2893 | J18: https://colab.research.google.com/drive/1XjDx6bdY8It4jygzTAFk6oT9RBtX3C9q — cell 17
A19: VGG16 | B19: Male | C19: 0.9811 | D19: 0.9839 | E19: 0.9825 | F19: 2107 | J19: https://colab.research.google.com/drive/1XjDx6bdY8It4jygzTAFk6oT9RBtX3C9q — cell 17
A20: VGG16 | B20: macro avg | C20: 0.9846 | D20: 0.985 | E20: 0.9848 | F20: 5000 | J20: https://colab.research.google.com/drive/1XjDx6bdY8It4jygzTAFk6oT9RBtX3C9q — cell 17
A21: VGG16 | B21: weighted avg | C21: 0.9852 | D21: 0.9852 | E21: 0.9852 | F21: 5000 | J21: https://colab.research.google.com/drive/1XjDx6bdY8It4jygzTAFk6oT9RBtX3C9q — cell 17
A22: VGG19 | B22: Female | C22: 0.9865 | D22: 0.9862 | E22: 0.9863 | F22: 2893 | J22: https://colab.research.google.com/drive/1yAb2r57zYJVo4uRP2FO0vYsnHH5AcVPi — cell 17
A23: VGG19 | B23: Male | C23: 0.981 | D23: 0.9815 | E23: 0.9813 | F23: 2107 | J23: https://colab.research.google.com/drive/1yAb2r57zYJVo4uRP2FO0vYsnHH5AcVPi — cell 17
A24: VGG19 | B24: macro avg | C24: 0.9838 | D24: 0.9838 | E24: 0.9838 | F24: 5000 | J24: https://colab.research.google.com/drive/1yAb2r57zYJVo4uRP2FO0vYsnHH5AcVPi — cell 17
A25: VGG19 | B25: weighted avg | C25: 0.9842 | D25: 0.9842 | E25: 0.9842 | F25: 5000 | J25: https://colab.research.google.com/drive/1yAb2r57zYJVo4uRP2FO0vYsnHH5AcVPi — cell 17
... A33: ResNet18 | B33: weighted avg | C33: 0.9818 | D33: 0.9818 | E33: 0.9818 | F33: 5000 | J33: https://colab.research.google.com/drive/1vDaOCwMWGAordE_1_7yaSYVZ59poexS5 — cell 17

Sheet Confusion matrix
A1: Confusion matrix dan rekonsiliasi
A2: Male = kelas positif. Baris aktual, kolom prediksi. TN=Female/Female, FP=Female/Male, FN=Male/Female, TP=Male/Male.
A4: Model | B4: TN | C4: FP | D4: FN | E4: TP | F4: Total test | G4: Benar | H4: Salah | I4: Akurasi CM | J4: Sumber
A5: AlexNet | B5: 2823 | C5: 70 | D5: 62 | E5: 2045 | F5: =SUM(B5:E5) -> 5000 | G5: =B5+E5 -> 4868 | H5: =C5+D5 -> 132 | I5: =G5/F5 -> 0.9736 | J5: https://colab.research.google.com/drive/1Ib9G7oVkuvfz-2JxGhLgJBMuTIwrjogN — cell 17, heatmap
A6: VGG16 | B6: 2853 | C6: 40 | D6: 34 | E6: 2073 | F6: =SUM(B6:E6) -> 5000 | G6: =B6+E6 -> 4926 | H6: =C6+D6 -> 74 | I6: =G6/F6 -> 0.9852 | J6: https://colab.research.google.com/drive/1XjDx6bdY8It4jygzTAFk6oT9RBtX3C9q — cell 17, heatmap
A7: VGG19 | B7: 2853 | C7: 40 | D7: 39 | E7: 2068 | F7: =SUM(B7:E7) -> 5000 | G7: =B7+E7 -> 4921 | H7: =C7+D7 -> 79 | I7: =G7/F7 -> 0.9842 | J7: https://colab.research.google.com/drive/1yAb2r57zYJVo4uRP2FO0vYsnHH5AcVPi — cell 17, heatmap
A8: GoogLeNet | B8: 2827 | C8: 66 | D8: 37 | E8: 2070 | F8: =SUM(B8:E8) -> 5000 | G8: =B8+E8 -> 4897 | H8: =C8+D8 -> 103 | I8: =G8/F8 -> 0.9794 | J8: https://colab.research.google.com/drive/1w8Wox2YkUKJJSSYrIeal-wBHTt1OCPWz — cell 17, heatmap
A9: ResNet18 | B9: 2854 | C9: 39 | D9: 52 | E9: 2055 | F9: =SUM(B9:E9) -> 5000 | G9: =B9+E9 -> 4909 | H9: =C9+D9 -> 91 | I9: =G9/F9 -> 0.9818 | J9: https://colab.research.google.com/drive/1vDaOCwMWGAordE_1_7yaSYVZ59poexS5 — cell 17, heatmap
A11: Semua matriks berjumlah 5.000. Support: Female 2.893 dan Male 2.107. Akurasi CM sesuai Test Accuracy di notebook.
A14: AlexNet
A26: VGG16
A38: VGG19
A50: GoogLeNet
A62: ResNet18

Sheet Training
A1: Model | B1: Epoch | C1: Train loss | D1: Train accuracy | E1: Val loss | F1: Val accuracy | G1: Durasi (detik) | H1: Sumber
A2: AlexNet | B2: 1 | C2: 0.2178 | D2: 0.9073 | E2: 0.1312 | F2: 0.9478 | G2: 96 | H2: https://colab.research.google.com/drive/1Ib9G7oVkuvfz-2JxGhLgJBMuTIwrjogN — cell 13
A3: AlexNet | B3: 2 | C3: 0.1181 | D3: 0.9526 | E3: 0.1027 | F3: 0.9556 | G3: 98 | H3: https://colab.research.google.com/drive/1Ib9G7oVkuvfz-2JxGhLgJBMuTIwrjogN — cell 13
A4: AlexNet | B4: 3 | C4: 0.0933 | D4: 0.9625 | E4: 0.0873 | F4: 0.9652 | G4: 97 | H4: https://colab.research.google.com/drive/1Ib9G7oVkuvfz-2JxGhLgJBMuTIwrjogN — cell 13
A5: AlexNet | B5: 4 | C5: 0.0786 | D5: 0.9708 | E5: 0.0864 | F5: 0.9668 | G5: 96 | H5: https://colab.research.google.com/drive/1Ib9G7oVkuvfz-2JxGhLgJBMuTIwrjogN — cell 13
A6: AlexNet | B6: 5 | C6: 0.0671 | D6: 0.9731 | E6: 0.0868 | F6: 0.968 | G6: 100 | H6: https://colab.research.google.com/drive/1Ib9G7oVkuvfz-2JxGhLgJBMuTIwrjogN — cell 13
A7: AlexNet | B7: 6 | C7: 0.0628 | D7: 0.9754 | E7: 0.0843 | F7: 0.9702 | G7: 95 | H7: https://colab.research.google.com/drive/1Ib9G7oVkuvfz-2JxGhLgJBMuTIwrjogN — cell 13
A8: AlexNet | B8: 7 | C8: 0.0502 | D8: 0.981 | E8: 0.0823 | F8: 0.9708 | G8: 99 | H8: https://colab.research.google.com/drive/1Ib9G7oVkuvfz-2JxGhLgJBMuTIwrjogN — cell 13
A9: AlexNet | B9: 8 | C9: 0.0466 | D9: 0.9823 | E9: 0.0776 | F9: 0.9708 | G9: 97 | H9: https://colab.research.google.com/drive/1Ib9G7oVkuvfz-2JxGhLgJBMuTIwrjogN — cell 13
A10: VGG16 | B10: 1 | C10: 0.1252 | D10: 0.9525 | E10: 0.0914 | F10: 0.963 | G10: 198 | H10: https://colab.research.google.com/drive/1XjDx6bdY8It4jygzTAFk6oT9RBtX3C9q — cell 13
A11: VGG16 | B11: 2 | C11: 0.0717 | D11: 0.9736 | E11: 0.079 | F11: 0.974 | G11: 195 | H11: https://colab.research.google.com/drive/1XjDx6bdY8It4jygzTAFk6oT9RBtX3C9q — cell 13
A12: VGG16 | B12: 3 | C12: 0.0574 | D12: 0.9795 | E12: 0.0551 | F12: 0.978 | G12: 194 | H12: https://colab.research.google.com/drive/1XjDx6bdY8It4jygzTAFk6oT9RBtX3C9q — cell 13
A13: VGG16 | B13: 4 | C13: 0.0521 | D13: 0.9815 | E13: 0.0618 | F13: 0.9818 | G13: 194 | H13: https://colab.research.google.com/drive/1XjDx6bdY8It4jygzTAFk6oT9RBtX3C9q — cell 13
... A41: ResNet18 | B41: 8 | C41: 0.0166 | D41: 0.994 | E41: 0.0711 | F41: 0.981 | G41: 109 | H41: https://colab.research.google.com/drive/1vDaOCwMWGAordE_1_7yaSYVZ59poexS5 — cell 13

Sheet Dataset dan konfigurasi
A1: Dataset dan konfigurasi bersama
A2: Kode setup, sampling, transformasi, dan training sama pada lima notebook. MODEL_NAME berbeda.
A4: Komponen | B4: Nilai / pengaturan | C4: Makna / bukti | D4: Sumber
A5: Sumber dataset | B5: Kaggle Gender Classification 200K Images | CelebA | C5: Kode download, cell 4 | D5: https://www.kaggle.com/datasets/ashishjangra27/gender-recognition-200k-images-celeba
A6: Dataset asal CelebA | B6: 202599 | C6: Total gambar dataset asal, bukan jumlah training eksperimen | D6: https://mmlab.ie.cuhk.edu.hk/projects/CelebA.html
A7: Identitas dataset asal | B7: 10177 | C7: 40 atribut biner dan 5 titik landmark pada dataset asal | D7: https://mmlab.ie.cuhk.edu.hk/projects/CelebA.html
A8: Jumlah kelas eksperimen | B8: 2 | C8: Female=0, Male=1 | D8: https://colab.research.google.com/drive/1yAb2r57zYJVo4uRP2FO0vYsnHH5AcVPi — cell 8
A9: Train digunakan | B9: 20000 | C9: Subset folder Train | D9: https://colab.research.google.com/drive/1yAb2r57zYJVo4uRP2FO0vYsnHH5AcVPi — cell 8
A10: Validasi digunakan | B10: 5000 | C10: Subset folder Validation untuk memilih checkpoint | D10: https://colab.research.google.com/drive/1yAb2r57zYJVo4uRP2FO0vYsnHH5AcVPi — cell 8
A11: Test digunakan | B11: 5000 | C11: Subset folder Test untuk evaluasi akhir | D11: https://colab.research.google.com/drive/1yAb2r57zYJVo4uRP2FO0vYsnHH5AcVPi — cell 8
A12: Total digunakan | B12: =SUM(B9:B11) -> 30000 | C12: Jumlah tiga subset, bukan seluruh dataset asal | D12: https://colab.research.google.com/drive/1yAb2r57zYJVo4uRP2FO0vYsnHH5AcVPi — cell 8
A13: Female pada test | B13: 2893 | C13: Support classification report | D13: https://colab.research.google.com/drive/1yAb2r57zYJVo4uRP2FO0vYsnHH5AcVPi — cell 17
A14: Male pada test | B14: 2107 | C14: Support classification report | D14: https://colab.research.google.com/drive/1yAb2r57zYJVo4uRP2FO0vYsnHH5AcVPi — cell 17
A15: Persentase Female test | B15: =B13/B11 -> 0.5786 | C15: Distribusi test, train/val per kelas tidak tercatat | D15: https://colab.research.google.com/drive/1yAb2r57zYJVo4uRP2FO0vYsnHH5AcVPi — cell 17
A16: Sampling | B16: RandomState(42).choice, replace=False | C16: Acak terpisah per split, bukan stratified sampling | D16: https://colab.research.google.com/drive/1yAb2r57zYJVo4uRP2FO0vYsnHH5AcVPi — cell 8
A17: Epoch | B17: 8 | C17: Seluruh model selesai 8 epoch | D17: https://colab.research.google.com/drive/1yAb2r57zYJVo4uRP2FO0vYsnHH5AcVPi — cell 6, 13
A18: Batch size | B18: 64 | C18: Train shuffle=True, val/test shuffle=False | D18: https://colab.research.google.com/drive/1yAb2r57zYJVo4uRP2FO0vYsnHH5AcVPi — cell 6, 8
A19: Learning rate | B19: 0.0001 | C19: Adam. Tidak ada scheduler pada loop training | D19: https://colab.research.google.com/drive/1yAb2r57zYJVo4uRP2FO0vYsnHH5AcVPi — cell 6, 11, 13
A20: Seed | B20: 42 | C20: Python, NumPy, torch, dan CUDA | D20: https://colab.research.google.com/drive/1yAb2r57zYJVo4uRP2FO0vYsnHH5AcVPi — cell 6
A21: Input | B21: RGB, 224 × 224 piksel | C21: Resize langsung, tanpa center crop | D21: https://colab.research.google.com/drive/1yAb2r57zYJVo4uRP2FO0vYsnHH5AcVPi — cell 8
A22: Workers | B22: 2 | C22: DataLoader pin_memory=True | D22: https://colab.research.google.com/drive/1yAb2r57zYJVo4uRP2FO0vYsnHH5AcVPi — cell 6, 8
A23: Bobot awal | B23: IMAGENET1K_V1 | C23: Pretrained masing-masing model, seluruh parameter dilatih | D23: https://colab.research.google.com/drive/1yAb2r57zYJVo4uRP2FO0vYsnHH5AcVPi — cell 11
A24: Loss | B24: CrossEntropyLoss | C24: Dua logits, label integer | D24: https://colab.research.google.com/drive/1yAb2r57zYJVo4uRP2FO0vYsnHH5AcVPi — cell 11
A25: Optimizer | B25: Adam(model.parameters(), lr=LR) | C25: Parameter Adam lain memakai default library | D25: https://colab.research.google.com/drive/1yAb2r57zYJVo4uRP2FO0vYsnHH5AcVPi — cell 11
A26: Mixed precision | B26: autocast + torch.amp.GradScaler | C26: Aktif saat device CUDA | D26: https://colab.research.google.com/drive/1yAb2r57zYJVo4uRP2FO0vYsnHH5AcVPi — cell 11, 13
A27: Train augmentation | B27: Flip horizontal, rotasi ±10°, ColorJitter 0,2 | C27: Brightness=0,2 dan contrast=0,2 | D27: https://colab.research.google.com/drive/1yAb2r57zYJVo4uRP2FO0vYsnHH5AcVPi — cell 8
A28: Normalisasi mean | B28: [0.485, 0.456, 0.406] | C28: Statistik ImageNet | D28: https://colab.research.google.com/drive/1yAb2r57zYJVo4uRP2FO0vYsnHH5AcVPi — cell 8
A29: Normalisasi std | B29: [0.229, 0.224, 0.225] | C29: Statistik ImageNet | D29: https://colab.research.google.com/drive/1yAb2r57zYJVo4uRP2FO0vYsnHH5AcVPi — cell 8
A30: Validasi / test transform | B30: Resize, ToTensor, Normalize | C30: Tanpa augmentasi acak | D30: https://colab.research.google.com/drive/1yAb2r57zYJVo4uRP2FO0vYsnHH5AcVPi — cell 8
A31: Pemilihan checkpoint | B31: Akurasi validasi tertinggi | C31: Update hanya jika va_acc > best_val_acc | D31: https://colab.research.google.com/drive/1yAb2r57zYJVo4uRP2FO0vYsnHH5AcVPi — cell 13
A32: Evaluasi test | B32: Checkpoint terbaik dari validasi | C32: Bukan otomatis bobot epoch ke-8 | D32: https://colab.research.google.com/drive/1yAb2r57zYJVo4uRP2FO0vYsnHH5AcVPi — cell 17
A33: Prediksi gambar | B33: Softmax dan argmax | C33: Nilai tampil satu desimal persen | D33: https://colab.research.google.com/drive/1yAb2r57zYJVo4uRP2FO0vYsnHH5AcVPi — cell 21
A34: Early stopping | B34: Tidak digunakan | C34: Training tetap 8 epoch | D34: https://colab.research.google.com/drive/1yAb2r57zYJVo4uRP2FO0vYsnHH5AcVPi — cell 13

Sheet Environment dan sumber
A1: Environment dan sumber bukti
A2: Laporan mengikuti output yang tersimpan. Versi runtime yang tidak dicetak tidak diisi dengan versi perkiraan.
A4: Model | B4: Platform | C4: Device / GPU | D4: Framework | E4: Versi library / CUDA | F4: Status output | G4: Notebook
A5: AlexNet | B5: Google Colab | C5: cuda / Tesla T4 | D5: PyTorch + torchvision | E5: Tidak tercatat lengkap dalam output | F5: 8 epoch, test, CM lengkap; inference NameError | G5: https://colab.research.google.com/drive/1Ib9G7oVkuvfz-2JxGhLgJBMuTIwrjogN
A6: VGG16 | B6: Google Colab | C6: cuda / Tesla T4 | D6: PyTorch + torchvision | E6: Tidak tercatat lengkap dalam output | F6: 8 epoch, test, CM lengkap | G6: https://colab.research.google.com/drive/1XjDx6bdY8It4jygzTAFk6oT9RBtX3C9q
A7: VGG19 | B7: Google Colab | C7: cuda / Tesla T4 | D7: PyTorch + torchvision | E7: Tidak tercatat lengkap dalam output | F7: 8 epoch, test, CM lengkap | G7: https://colab.research.google.com/drive/1yAb2r57zYJVo4uRP2FO0vYsnHH5AcVPi
A8: GoogLeNet | B8: Google Colab | C8: cuda / Tesla T4 | D8: PyTorch + torchvision | E8: Tidak tercatat lengkap dalam output | F8: 8 epoch, test, CM lengkap | G8: https://colab.research.google.com/drive/1w8Wox2YkUKJJSSYrIeal-wBHTt1OCPWz
A9: ResNet18 | B9: Google Colab | C9: cuda / Tesla T4 | D9: PyTorch + torchvision | E9: Tidak tercatat lengkap dalam output | F9: 8 epoch, test, CM lengkap | G9: https://colab.research.google.com/drive/1vDaOCwMWGAordE_1_7yaSYVZ59poexS5
A12: Informasi | B12: Keterangan
A13: Library evaluasi | B13: scikit-learn confusion_matrix dan classification_report
A14: Visualisasi | B14: Matplotlib dan seaborn
A15: CPU / RAM / driver | B15: Tidak dicetak di output sumber
A16: Python dan torch / torchvision | B16: Versi tepat tidak dicetak sebagai ringkasan environment
A17: Waktu training | B17: Timer dari sebelum loop epoch sampai akhir loop. Meliputi validasi dan save checkpoint
A18: Kesetaraan subset | B18: Kode sampling dan seed identik. Daftar indeks/file subset tidak diekspor di notebook
A19: Ketelitian output | B19: Log akurasi/loss 4 desimal. Parameter 0,1 juta. Training 0,1 menit
A20: Pembatasan komparasi | B20: Satu run per model, belum ada rata-rata beberapa seed atau interval ketidakpastian
A21: Distribusi train / val per label | B21: Tidak tercatat. Jangan menganggap masing-masing kelas seimbang
A22: Arti label | B22: Model memprediksi label Female/Male yang tersedia pada dataset
A23: AlexNet inference | B23: Cell terakhir memuat NameError: model is not defined. Hasil test sebelumnya tetap tersimpan
... A25: Tanggal pembacaan | B25: 13 Oktober 2026. Kode dan output sumber hanya dibaca

Sheet Prediksi
A1: Contoh prediksi gambar unggahan
A2: Nilai probabilitas mengikuti pembulatan output. 100,0% bukan jaminan benar. Label acuan gambar tidak dicatat.
A4: Model | B4: Nama file | C4: Prediksi | D4: P(Female) | E4: P(Male) | F4: Label acuan | G4: Status | H4: Sumber
A5: AlexNet | B5: Tidak tersedia | C5: Tidak tersedia | F5: Tidak dicatat | G5: NameError pada cell terakhir | H5: https://colab.research.google.com/drive/1Ib9G7oVkuvfz-2JxGhLgJBMuTIwrjogN — cell 21
A6: VGG16 | B6: Raisya.jpeg | C6: Female | D6: 1 | E6: 0 | F6: Tidak dicatat | G6: Contoh inference | H6: https://colab.research.google.com/drive/1XjDx6bdY8It4jygzTAFk6oT9RBtX3C9q — cell 21
A7: VGG19 | B7: raisa.jpg | C7: Female | D7: 0.915 | E7: 0.085 | F7: Tidak dicatat | G7: Contoh inference | H7: https://colab.research.google.com/drive/1yAb2r57zYJVo4uRP2FO0vYsnHH5AcVPi — cell 21
A8: GoogLeNet | B8: Raisya.jpeg | C8: Female | D8: 0.998 | E8: 0.002 | F8: Tidak dicatat | G8: Contoh inference | H8: https://colab.research.google.com/drive/1w8Wox2YkUKJJSSYrIeal-wBHTt1OCPWz — cell 21
A9: ResNet18 | B9: raisa.jpg | C9: Female | D9: 1 | E9: 0 | F9: Tidak dicatat | G9: Contoh inference | H9: https://colab.research.google.com/drive/1vDaOCwMWGAordE_1_7yaSYVZ59poexS5 — cell 21
A13: VGG16 — Raisya.jpeg | E13: VGG19 — raisa.jpg
A29: GoogLeNet — Raisya.jpeg | E29: ResNet18 — raisa.jpg
